{
  "IcoMoonType": "selection",
  "icons": [
    {
      "icon": {
        "paths": [
          "M768 85.333h-128c-56.58 0-110.844 22.476-150.848 62.484-40.009 40.008-62.485 94.27-62.485 150.849v128h-128v170.667h128v341.333h170.667v-341.333h128l42.667-170.667h-170.667v-128c0-11.316 4.497-22.168 12.497-30.17s18.854-12.497 30.17-12.497h128v-170.667z"
        ],
        "attrs": [
          {
            "fill": "none",
            "stroke": "rgb(2, 137, 122)",
            "strokeLinejoin": "round",
            "strokeLinecap": "round",
            "strokeMiterlimit": "4",
            "strokeWidth": 85.33333333333333
          }
        ],
        "isMulticolor": false,
        "isMulticolor2": false,
        "grid": 0,
        "tags": [
          "facebook"
        ]
      },
      "attrs": [
        {
          "fill": "none",
          "stroke": "rgb(2, 137, 122)",
          "strokeLinejoin": "round",
          "strokeLinecap": "round",
          "strokeMiterlimit": "4",
          "strokeWidth": 85.33333333333333
        }
      ],
      "properties": {
        "order": 44,
        "id": 2,
        "name": "facebook",
        "prevSize": 32
      },
      "setIdx": 0,
      "setId": 9,
      "iconIdx": 0
    },
    {
      "icon": {
        "paths": [
          "M725.333 85.333h-426.667c-117.821 0-213.333 95.513-213.333 213.333v426.667c0 117.82 95.513 213.333 213.333 213.333h426.667c117.82 0 213.333-95.514 213.333-213.333v-426.667c0-117.821-95.514-213.333-213.333-213.333z",
          "M682.667 485.111c5.265 35.511-0.798 71.774-17.331 103.637s-42.692 57.702-74.761 73.843c-32.064 16.137-68.399 21.756-103.842 16.051-35.443-5.7-68.183-22.434-93.566-47.817s-42.117-58.125-47.82-93.568c-5.703-35.439-0.085-71.778 16.054-103.842 16.139-32.065 41.978-58.225 73.841-74.758s68.13-22.598 103.637-17.333c36.22 5.371 69.756 22.249 95.646 48.141s42.769 59.425 48.141 95.645z",
          "M746.667 277.333h0.427"
        ],
        "attrs": [
          {
            "fill": "none",
            "stroke": "rgb(2, 137, 122)",
            "strokeLinejoin": "round",
            "strokeLinecap": "round",
            "strokeMiterlimit": "4",
            "strokeWidth": 85.33333333333333
          },
          {
            "fill": "none",
            "stroke": "rgb(2, 137, 122)",
            "strokeLinejoin": "round",
            "strokeLinecap": "round",
            "strokeMiterlimit": "4",
            "strokeWidth": 85.33333333333333
          },
          {
            "fill": "none",
            "stroke": "rgb(2, 137, 122)",
            "strokeLinejoin": "round",
            "strokeLinecap": "round",
            "strokeMiterlimit": "4",
            "strokeWidth": 85.33333333333333
          }
        ],
        "isMulticolor": false,
        "isMulticolor2": false,
        "grid": 0,
        "tags": [
          "instagram"
        ]
      },
      "attrs": [
        {
          "fill": "none",
          "stroke": "rgb(2, 137, 122)",
          "strokeLinejoin": "round",
          "strokeLinecap": "round",
          "strokeMiterlimit": "4",
          "strokeWidth": 85.33333333333333
        },
        {
          "fill": "none",
          "stroke": "rgb(2, 137, 122)",
          "strokeLinejoin": "round",
          "strokeLinecap": "round",
          "strokeMiterlimit": "4",
          "strokeWidth": 85.33333333333333
        },
        {
          "fill": "none",
          "stroke": "rgb(2, 137, 122)",
          "strokeLinejoin": "round",
          "strokeLinecap": "round",
          "strokeMiterlimit": "4",
          "strokeWidth": 85.33333333333333
        }
      ],
      "properties": {
        "order": 45,
        "id": 1,
        "name": "instagram",
        "prevSize": 32
      },
      "setIdx": 0,
      "setId": 9,
      "iconIdx": 1
    },
    {
      "icon": {
        "paths": [
          "M981.333 128.429c-40.858 28.82-86.097 50.863-133.973 65.28-25.698-29.546-59.849-50.488-97.835-59.993s-77.973-7.114-114.556 6.849c-36.582 13.963-67.998 38.825-89.988 71.222-21.995 32.398-33.506 70.768-32.981 109.922v42.667c-74.982 1.944-149.279-14.685-216.277-48.408s-124.616-83.491-167.723-144.872c0 0-170.667 384.002 213.333 554.668-87.871 59.644-192.548 89.553-298.667 85.333 384 213.333 853.333 0 853.333-490.668-0.038-11.885-1.182-23.74-3.413-35.413 43.546-42.944 74.274-97.164 88.747-156.587v0z"
        ],
        "attrs": [
          {
            "fill": "none",
            "stroke": "rgb(2, 137, 122)",
            "strokeLinejoin": "round",
            "strokeLinecap": "round",
            "strokeMiterlimit": "4",
            "strokeWidth": 85.33333333333333
          }
        ],
        "isMulticolor": false,
        "isMulticolor2": false,
        "grid": 0,
        "tags": [
          "twitter"
        ]
      },
      "attrs": [
        {
          "fill": "none",
          "stroke": "rgb(2, 137, 122)",
          "strokeLinejoin": "round",
          "strokeLinecap": "round",
          "strokeMiterlimit": "4",
          "strokeWidth": 85.33333333333333
        }
      ],
      "properties": {
        "order": 46,
        "id": 0,
        "name": "twitter",
        "prevSize": 32
      },
      "setIdx": 0,
      "setId": 9,
      "iconIdx": 2
    }
  ],
  "height": 1024,
  "preferences": {
    "showGlyphs": true,
    "showQuickUse": true,
    "showQuickUse2": true,
    "showSVGs": true,
    "fontPref": {
      "prefix": "icon-",
      "metadata": {
        "fontFamily": "icomoon"
      },
      "metrics": {
        "emSize": 1024,
        "baseline": 6.25,
        "whitespace": 50
      },
      "embed": false
    },
    "imagePref": {
      "prefix": "icon-",
      "png": true,
      "useClassSelector": true,
      "color": 0,
      "bgColor": 16777215,
      "classSelector": ".icon",
      "name": "icomoon"
    },
    "historySize": 50,
    "showCodes": true,
    "gridSize": 16
  }
}